"Date","Nest","Ind.","weight.grams","CT.W","PT.L","instar","Measurement","Treatment","notes","weight.mg","resids","SMI"
"3 July 2018","Col_01",1,0.0103,1.42,2.77,"Adult","before","Parasite","",10.3,0.157468229590427,11.1344671438108
"3 July 2018","Col_01",2,0.01008,1.6,3.57,"Adult","before","Parasite","",10.08,-0.12986329044102,7.03412264873024
"3 July 2018","Col_01",3,0.01181,1.49,3.51,"Adult","before","Parasite","",11.81,0.187127276611929,10.7014566206068
"3 July 2018","Col_01",4,0.00997,1.36,3.09,"Adult","before","Parasite","",9.97,0.221033304987024,12.6266287240974
"3 July 2018","Col_01",5,0.00917,1.41,3.1,"Adult","before","Parasite","",9.17,0.0569975763106541,10.1731952674948
"3 July 2018","Col_02",1,0.01235,1.61,3.6,"Adult","before","Parasite","",12.35,0.0593663905786171,8.42350825315911
"3 July 2018","Col_02",2,0.00846,1.43,3.13,"Adult","before","Parasite","",8.46,-0.0549520190456805,8.91303750157731
"3 July 2018","Col_02",3,0.00679,1.31,3.02,"Adult","before","Parasite","",6.79,-0.0796922625440121,9.86553051252305
"3 July 2018","Col_02",4,0.01613,1.55,2.94,"Adult","before","Parasite","",16.13,0.410956894364074,12.6458992730066
"3 July 2018","Col_02",5,0.00795,1.34,3.22,"Adult","before","Parasite","",7.95,0.0276123413615184,10.6305386847489
"3 July 2018","Col_03",1,0.00777,1.4,3.17,"Adult","before","Parasite","",7.77,-0.0928215892638401,8.84799785291748
"3 July 2018","Col_03",2,0.00944,1.37,2.85,"Adult","before","Parasite","",9.44,0.150096331785039,11.6384758535446
"3 July 2018","Col_03",3,0.00843,1.5,3.39,"Adult","before","Parasite","",8.43,-0.164916472984757,7.45361684912894
"3 July 2018","Col_03",4,0.00907,1.36,3.4,"Adult","before","Parasite","",9.07,0.126424985140323,11.4868126908288
"3 July 2018","Col_03",5,0.00825,1.37,3.02,"Adult","before","Parasite","",8.25,0.0153535519742192,10.1713374779389
"3 July 2018","Col_04",1,0.01114,1.58,3.58,"Adult","before","Parasite","",11.14,-0.00186604410105646,8.14083102301831
"3 July 2018","Col_04",2,0.01528,1.52,3.35,"Adult","before","Parasite","",15.28,0.400339339867397,12.8696654320266
"3 July 2018","Col_04",3,0.00833,1.49,3.55,"Adult","before","Parasite","",8.33,-0.161955897418591,7.54810615153726
"3 July 2018","Col_04",4,0.00716,1.41,2.72,"Adult","before","Parasite","",7.16,-0.190429728985165,7.94330186644087
"3 July 2018","Col_04",5,0.0126,1.56,3.42,"Adult","before","Parasite","",12.6,0.149653612736431,9.64813693079177
"3 July 2018","Col_05",1,0.00867,1.44,3.08,"Adult","before","Parasite","CT pic didn’t save",8.67,-0.045949039315586,8.90380240967474
"3 July 2018","Col_05",2,0.00844,1.42,3.11,"Adult","before","Parasite","",8.44,-0.0416933570372879,9.12377696055953
"3 July 2018","Col_05",3,0.0119,1.41,3.15,"Adult","before","Parasite","",11.9,0.317598690159765,13.2018564540009
"3 July 2018","Col_05",4,0.0143,1.5,3.46,"Adult","before","Parasite","",14.3,0.363546292267341,12.6437391390918
"3 July 2018","Col_05",5,0.00886,1.56,3.65,"Adult","before","Parasite","",8.86,-0.202496436604011,6.78432485768374
"3 July 2018","Col_06",1,0.00785,1.41,3.55,"Adult","before","Parasite","",7.85,-0.0984261781634023,8.70878766083251
"3 July 2018","Col_06",2,0.00801,1.44,3.19,"Adult","before","Parasite","",8.01,-0.125127069027769,8.22600430236386
"3 July 2018","Col_06",3,0.01133,1.48,3.61,"Adult","before","Parasite","",11.33,0.16062890916423,10.5232080592306
"3 July 2018","Col_06",4,0.00759,1.45,3.31,"Adult","before","Parasite","",7.59,-0.194395493710596,7.59934300924506
"3 July 2018","Col_06",5,0.00917,1.42,3.32,"Adult","before","Parasite","",9.17,0.0412616206232197,9.91291880667428
"3 July 2018","Col_07",1,0.00864,1.55,3.62,"Adult","before","Parasite","",8.64,-0.213321414957079,6.77374889763034
"3 July 2018","Col_07",2,0.01172,1.56,3.42,"Adult","before","Parasite","",11.72,0.077253582927866,8.97429879594282
"3 July 2018","Col_07",3,0.00972,1.53,3.44,"Adult","before","Parasite","",9.72,-0.0666207200940237,7.9921980639193
"3 July 2018","Col_07",4,0.00906,1.51,3.45,"Adult","before","Parasite","",9.06,-0.107639052880612,7.81780740245855
"3 July 2018","Col_07",5,0.0105,1.45,3.33,"Adult","before","Parasite","",10.5,0.130148172045344,10.5129251116038
"3 July 2018","Col_08",1,0.00929,1.39,3.56,"Adult","before","Parasite","",9.29,0.101808361887801,10.8606773191628
"3 July 2018","Col_08",2,0.00864,1.45,3.34,"Adult","before","Parasite","",8.64,-0.0648245023021698,8.65063552040544
"3 July 2018","Col_08",3,0.00978,1.44,3.28,"Adult","before","Parasite","",9.78,0.0745216539386894,10.0437355901521
"3 July 2018","Col_08",4,0.00917,1.57,3.67,"Adult","before","Parasite","",9.17,-0.182333621268301,6.85907037805655
"3 July 2018","Col_08",5,0.00907,1.45,3.43,"Adult","before","Parasite","",9.07,-0.0162548209910888,9.0811648344997
"3 July 2018","Col_09",1,0.00816,1.43,3.04,"Adult","before","Parasite","",8.16,-0.0910570236877971,8.59697234194691
"3 July 2018","Col_09",2,0.00812,1.27,2.91,"Adult","before","Parasite","",8.12,0.168235225815525,13.218936080204
"3 July 2018","Col_09",3,0.00898,1.49,3.17,"Adult","before","Parasite","",8.98,-0.0868194712832341,8.13709402650715
"3 July 2018","Col_09",4,0.01186,1.43,3,"Adult","before","Parasite","",11.86,0.282870200905767,12.4951093107219
"3 July 2018","Col_09",5,0.00866,1.38,3.46,"Adult","before","Parasite","",8.66,0.0476613412797046,10.3958195123643
"3 July 2018","Col_10",1,0.00803,1.36,3.48,"Adult","before","Parasite","",8.03,0.00463724897194772,10.169691941274
"3 July 2018","Col_10",2,0.01014,1.62,3.69,"Adult","before","Parasite","",10.14,-0.151588891524649,6.76086232327672
"3 July 2018","Col_10",3,0.00847,1.51,3.35,"Adult","before","Parasite","",8.47,-0.174977664271537,7.30870073938454
"3 July 2018","Col_10",4,0.00982,1.44,3.1,"Adult","before","Parasite","",9.82,0.0786032922583379,10.0848142633225
"3 July 2018","Col_10",5,0.00662,1.39,3.08,"Adult","before","Parasite","",6.62,-0.23703482098903,7.7392555277565
"3 July 2018","Col_11",1,0.00989,1.51,3.27,"Adult","before","Parasite","",9.89,-0.0199840273008794,8.53400830135928
"3 July 2018","Col_11",2,0.01274,1.57,3.58,"Adult","before","Parasite","",12.74,0.146475742607343,9.52939548707094
"3 July 2018","Col_11",3,0.00816,1.56,3.47,"Adult","before","Parasite","",8.16,-0.284799032244985,6.24831725041753
"3 July 2018","Col_11",4,0.0078,1.43,3.2,"Adult","before","Parasite","",7.8,-0.136177458968266,8.21769415039043
"3 July 2018","Col_11",5,0.00812,1.49,3.1,"Adult","before","Parasite","",8.12,-0.187489199423756,7.35781776116237
"3 July 2018","Col_12",1,0.01476,1.56,3.36,"Adult","before","Parasite","",14.76,0.307877617951326,11.3021032617846
"3 July 2018","Col_12",2,0.02027,1.65,3.63,"Adult","before","Parasite","gravid?",20.27,0.500208356357206,12.6355261640389
"3 July 2018","Col_12",3,0.01052,1.53,3.37,"Adult","before","Parasite","",10.52,0.0124718687431923,8.64999214325422
"3 July 2018","Col_12",4,0.00892,1.57,3.66,"Adult","before","Parasite","",8.92,-0.209974960944756,6.67207282140289
"3 July 2018","Col_12",5,0.01038,1.47,3.5,"Adult","before","Parasite","",10.38,0.0881515558698222,9.88356367092259
"4 July 2018","Col_13",1,0.01044,1.42,3.1,"Adult","before","Control","",10.44,0.170968916809339,11.2858094156684
"4 July 2018","Col_13",2,0.01648,1.67,3.81,"Adult","before","Control","",16.48,0.266386746909953,9.82895799806588
"4 July 2018","Col_13",3,0.00976,1.49,3.31,"Adult","before","Control","",9.76,-0.00352695317234114,8.84387947647103
"4 July 2018","Col_13",4,0.00663,1.41,3,"Adult","before","Control","",6.63,-0.267334905759948,7.35532002437192
"4 July 2018","Col_13",5,0.0119,1.44,3.38,"Adult","before","Control","",11.9,0.270720570009447,12.220905268181
"4 July 2018","Col_14",1,0.00885,1.42,3.13,"Adult","before","Control","",8.85,0.00574179337468443,9.56699361385685
"4 July 2018","Col_14",2,0.00938,1.44,3.36,"Adult","before","Control","",9.38,0.0327619329100967,9.63294885844856
"4 July 2018","Col_14",3,0.00675,1.38,3.12,"Adult","before","Control","",6.75,-0.201510876410201,8.10297710259344
"4 July 2018","Col_14",4,0.00621,1.39,3.3,"Adult","before","Control","",6.21,-0.300969294992559,7.25993607664167
"4 July 2018","Col_14",5,0.01056,1.51,3.29,"Adult","before","Control","",10.56,0.0455651053426153,9.11214637637553
"4 July 2018","Col_15",1,0.00756,1.42,3.2,"Adult","before","Control","",7.56,-0.151804475453712,8.17248268031162
"4 July 2018","Col_15",2,0.00833,1.51,3.31,"Adult","before","Control","",8.33,-0.191644716756749,7.18789576848562
"4 July 2018","Col_15",3,0.01526,1.64,3.21,"Adult","before","Control","",15.26,0.229837198767484,9.72693858212882
"4 July 2018","Col_15",4,0.00563,1.44,3.08,"Adult","before","Control","",5.63,-0.477708387956437,5.78182324872766
"4 July 2018","Col_15",5,0.01285,1.57,3.28,"Adult","before","Control","",12.85,0.155072903804555,9.61167441199855
"4 July 2018","Col_16",1,0.00649,1.49,3.46,"Adult","before","Control","",6.49,-0.411556822881344,5.88081739777633
"4 July 2018","Col_16",2,0.0105,1.51,3.41,"Adult","before","Control","",10.5,0.0398670842279776,9.06037281741885
"4 July 2018","Col_16",3,0.00862,1.36,3.3,"Adult","before","Control","",8.62,0.0755378056888789,10.9169046741945
"4 July 2018","Col_16",4,0.0067,1.41,3.43,"Adult","before","Control","",6.7,-0.256832183560799,7.4329780035131
"4 July 2018","Col_16",5,0.01035,1.68,3.75,"Adult","before","Control","",10.35,-0.212067601597388,6.03923563964203
"4 July 2018","Col_17",1,0.00907,1.29,2.73,"Adult","before","Control","",9.07,0.244085558192032,13.9431666340087
"4 July 2018","Col_17",2,0.00818,1.41,2.96,"Adult","before","Control","",8.18,-0.0572475593430634,9.07488956249808
"4 July 2018","Col_17",3,0.00873,1.36,3.28,"Adult","before","Control","",8.73,0.0882180908647885,11.0562155227051
"4 July 2018","Col_17",4,0.00962,1.54,3.43,"Adult","before","Control","",9.62,-0.0914678480739631,7.72323331564954
"4 July 2018","Col_17",5,0.00926,1.38,2.77,"Adult","before","Control","",9.26,0.114650667363449,11.116084143706
"4 July 2018","Col_18",1,0.00778,1.3,2.79,"Adult","before","Control","",7.78,0.0734755046346696,11.6261219659471
"4 July 2018","Col_18",2,0.01093,1.5,3.37,"Adult","before","Control","",10.93,0.0947980571899261,9.66406075456457
"4 July 2018","Col_18",3,0.01227,1.33,3.12,"Adult","before","Control","",12.27,0.478276614292689,16.8640954144811
"4 July 2018","Col_18",4,0.01318,1.48,3.28,"Adult","before","Control","",13.18,0.311875363198676,12.2414723937034
"4 July 2018","Col_18",5,0.01056,1.46,3.57,"Adult","before","Control","",10.56,0.120542844519253,10.3098370096159
"4 July 2018","Col_19",1,0.01338,1.73,3.77,"Adult","before","Control","",13.38,-0.0205947691122724,7.01112703291936
"4 July 2018","Col_19",2,0.00713,1.31,3.13,"Adult","before","Control","",7.13,-0.0308319696884123,10.3595335131501
"4 July 2018","Col_19",3,0.00737,1.41,3.02,"Adult","before","Control","",7.37,-0.161522003756474,8.17627580386441
"4 July 2018","Col_19",4,0.009,1.43,2.9,"Adult","before","Control","",9,0.00692338467240697,9.48195478891203
"4 July 2018","Col_19",5,0.00765,1.36,3.08,"Adult","before","Control","",7.65,-0.0438416311482781,9.68843628278282
"4 July 2018","Col_20",1,0.00792,1.44,3.71,"Adult","before","Control","",7.92,-0.136426624281702,8.13357728773056
"4 July 2018","Col_20",2,0.01013,1.54,3.42,"Adult","before","Control","",10.13,-0.0398107944909863,8.13267707770581
"4 July 2018","Col_20",3,0.0088,1.39,3.2,"Adult","before","Control","",8.8,0.0476215305462143,10.287832121489
"4 July 2018","Col_20",4,0.01285,1.52,3.75,"Adult","before","Control","",12.85,0.227138367470252,10.8229843456506
"4 July 2018","Col_20",5,0.01188,1.53,3.23,"Adult","before","Control","",11.88,0.134049975368127,9.76824207812359
"4 July 2018","Col_22",1,0.01066,1.37,3.09,"Adult","before","Control","",10.66,0.271638770365328,13.1426009108883
"4 July 2018","Col_22",2,0.00744,1.37,3.39,"Adult","before","Control","",7.44,-0.0879887995273696,9.17269707101395
"4 July 2018","Col_22",3,0.00639,1.43,3.21,"Adult","before","Control","",6.39,-0.335566924274369,6.73218790012754
"4 July 2018","Col_22",4,0.00928,1.46,3.5,"Adult","before","Control","",9.28,-0.00866888696075264,9.06015979632915
"4 July 2018","Col_22",5,0.00811,1.51,3.15,"Adult","before","Control","",8.11,-0.218410304808179,6.99805938564447
"4 July 2018","Col_23",1,0.00779,1.38,2.58,"Adult","before","Control","",7.79,-0.0582125214119822,9.35143579691894
"4 July 2018","Col_23",2,0.00708,1.31,2.7,"Adult","before","Control","",7.08,-0.0378692964089884,10.2868860130579
"4 July 2018","Col_23",3,0.00866,1.54,3.36,"Adult","before","Control","",8.66,-0.196597390177234,6.95251564589658
"4 July 2018","Col_23",4,0.01257,1.45,3.01,"Adult","before","Control","",12.57,0.310085937484022,12.5854732050343
"4 July 2018","Col_23",5,0.00829,1.4,2.75,"Adult","before","Control","",8.29,-0.0280417844961923,9.44014185337014
"4 July 2018","Col_24",1,0.01195,1.46,3.22,"Adult","before","Control","",11.95,0.244200844618658,11.6669083584195
"4 July 2018","Col_24",2,0.00878,1.43,3.03,"Adult","before","Control","",8.78,-0.0178247850167875,9.25017367184974
"4 July 2018","Col_24",3,0.00891,1.47,3.05,"Adult","before","Control","",8.91,-0.0645550803852023,8.48386823775725
"4 July 2018","Col_24",4,0.01257,1.52,3.54,"Adult","before","Control","",12.57,0.205107578731179,10.5871527801423
"4 July 2018","Col_24",5,0.006,1.29,2.63,"Adult","before","Control","",6,-0.169127236706958,9.22370449879295
"04-Aug-18","Col_01",1,0.00732,1.38,3.2,"Adult","after","Parasite","",7.32,-0.120443053321419,8.78722850236799
"04-Aug-18","Col_02",1,0.00875,1.4,3.16,"Adult","after","Parasite","",8.75,0.0259619467261271,9.96396154607825
"04-Aug-18","Col_03",1,0.00826,1.43,3.36,"Adult","after","Parasite","",8.26,-0.0788766051309258,8.70232739515704
"04-Aug-18","Col_03",2,0.00851,1.37,3.17,"Adult","after","Parasite","",8.51,0.0463822942129124,10.4918887196678
"04-Aug-18","Col_03",3,0.01003,1.52,3.25,"Adult","after","Parasite","",10.03,-0.0206248418971328,8.4478235787452
"04-Aug-18","Col_03",4,0.00772,1.39,2.87,"Adult","after","Parasite","",7.72,-0.0833158269012616,9.02523454294263
"04-Aug-18","Col_04",1,0.0075,1.44,2.79,"Adult","after","Parasite","",7.5,-0.190914809565772,7.70225121944182
"04-Aug-18","Col_04",2,0.01101,1.56,3.56,"Adult","after","Parasite","",11.01,0.0147607495135881,8.43063393714424
"04-Aug-18","Col_04",3,0.00656,1.33,2.93,"Adult","after","Parasite","",6.56,-0.147890041474134,9.01617489152372
"04-Aug-18","Col_04",4,0.00748,1.44,3.23,"Adult","after","Parasite","",7.48,-0.193585038121651,7.68171188285664
"04-Aug-18","Col_04",5,0.00795,1.32,2.6,"Adult","after","Parasite","",7.95,0.0610961071153919,11.2332649469478
"04-Aug-18","Col_05",1,0.00767,1.37,3.13,"Adult","after","Parasite","",7.67,-0.0575430329932056,9.45626163100497
"04-Aug-18","Col_05",2,0.01,1.53,3.45,"Adult","after","Parasite","",10,-0.0382212455723255,8.22242599168652
"04-Aug-18","Col_05",3,0.00905,1.37,2.87,"Adult","after","Parasite","",9.05,0.107905109339465,11.1576489909511
"04-Aug-18","Col_05",4,0.00672,1.28,2.92,"Adult","after","Parasite","",6.72,-0.0384706159933293,10.6296256106145
"04-Aug-18","Col_05",5,0.00666,1.38,2.93,"Adult","after","Parasite","",6.66,-0.214933896742341,7.99493740789219
"04-Aug-18","Col_06",1,0.00701,1.43,3.19,"Adult","after","Parasite","died",7.01,-0.242963491617314,7.38538923003037
"04-Aug-18","Col_07",1,0.00958,1.51,3.44,"Adult","after","Parasite","",9.58,-0.0518305809527311,8.26651158008311
"04-Aug-18","Col_08",1,0.00907,1.37,2.7,"Adult","after","Parasite","",9.07,0.110112615754675,11.1823067787764
"04-Aug-18","Col_08",2,0.00905,1.42,3.02,"Adult","after","Parasite","",9.05,0.0280890920666812,9.78319685936774
"04-Aug-18","Col_08",3,0.00747,1.34,3.07,"Adult","after","Parasite","",7.47,-0.0346645881599963,9.98869483963195
"04-Aug-18","Col_09",1,0.00951,1.44,3.12,"Adult","after","Parasite","",9.51,0.0465260464492624,9.76645454625222
"04-Aug-18","Col_09",2,0.01043,1.36,2.76,"Adult","after","Parasite","",10.43,0.266138990025958,13.2092013633235
"04-Aug-18","Col_09",3,0.00749,1.54,3.57,"Adult","after","Parasite","",7.49,-0.34174331522245,6.01320348588514
"04-Aug-18","Col_10",1,0.01351,1.7,3.61,"Adult","after","Parasite","",13.51,0.0280250904295306,7.54828536409495
"04-Aug-18","Col_10",2,0.00838,1.49,3.37,"Adult","after","Parasite","",8.38,-0.15597143910335,7.59341291115033
"04-Aug-18","Col_10",3,0.00754,1.48,3.14,"Adult","after","Parasite","",7.54,-0.246602983855821,7.00308815239177
"04-Aug-18","Col_10",4,0.0111,1.41,3,"Adult","after","Parasite","",11.1,0.248005398360569,12.3143366923874
"04-Aug-18","Col_10",5,0.0083,1.41,2.86,"Adult","after","Parasite","",8.3,-0.0426841951551668,9.20801752674011
"04-Aug-18","Col_11",1,0.01071,1.5,3.05,"Adult","after","Parasite","",10.71,0.0744646394611364,9.46954169088624
"04-Aug-18","Col_11",2,0.01537,1.47,3.32,"Adult","after","Parasite","",15.37,0.480688235682584,14.6349107535723
"04-Aug-18","Col_11",3,0.01076,1.49,3.15,"Adult","after","Parasite","",10.76,0.0940162011362962,9.7500146687324
"04-Aug-18","Col_11",4,0.00856,1.53,3.53,"Adult","after","Parasite","",8.56,-0.193706148412721,7.03839664888366
"04-Aug-18","Col_11",5,0.01023,1.6,3.13,"Adult","after","Parasite","died",10.23,-0.115091973120707,7.13879709290777
"04-Aug-18","Col_12",1,0.01023,1.48,3.56,"Adult","after","Parasite","",10.23,0.0584994140878496,9.50153737386841
"04-Aug-18","Col_12",2,0.01113,1.51,3.39,"Adult","after","Parasite","",11.13,0.0981359923519531,9.60399518646398
"04-Aug-18","Col_13",1,0.01117,1.42,3.03,"Adult","after","Control","",11.17,0.238555947435956,12.0749512617832
"04-Aug-18","Col_13",2,0.01059,1.48,3.55,"Adult","after","Control","",10.59,0.0930849937376296,9.83590232544149
"04-Aug-18","Col_13",3,0.01326,1.67,3.9,"Adult","after","Control","",13.26,0.0489912071863437,7.90849411737583
"04-Aug-18","Col_13",4,0.01436,1.62,3.3,"Adult","after","Control","",14.36,0.196369673932392,9.57455453276664
"04-Aug-18","Col_14",1,0.01164,1.4,3.12,"Adult","after","Control","",11.64,0.311355688659896,13.2549157024401
"04-Aug-18","Col_14",2,0.00914,1.47,3.18,"Adult","after","Control","",9.14,-0.0390689364018616,8.7028682034906
"04-Aug-18","Col_14",3,0.00668,1.42,3.21,"Adult","after","Control","",6.68,-0.275557678096599,7.2211884000637
"04-Aug-18","Col_15",1,0.00857,1.43,3.43,"Adult","after","Control","",8.57,-0.042033460054124,9.02892806010846
"04-Aug-18","Col_15",2,0.00962,1.36,2.88,"Adult","after","Control","",9.62,0.185296985690893,12.1833669333818
"04-Aug-18","Col_16",1,0.00688,1.36,3.19,"Adult","after","Control","",6.88,-0.14992862704147,8.71326034320861
"04-Aug-18","Col_17",1,0.00742,1.33,3.16,"Adult","after","Control","",7.42,-0.0247015872508423,10.198173429132
"04-Aug-18","Col_17",2,0.01442,1.63,3.81,"Adult","after","Control","",14.42,0.186836869927461,9.4000069702636
"04-Aug-18","Col_17",3,0.00686,1.43,3.25,"Adult","after","Control","",6.86,-0.264593750926019,7.22735665021517
"04-Aug-18","Col_17",4,0.00796,1.41,3.04,"Adult","after","Control","",7.96,-0.0845107101014275,8.83082162805437
"04-Aug-18","Col_17",5,0.00636,1.3,3.03,"Adult","after","Control","",6.36,-0.1280524562036,9.50413055313926
"04-Aug-18","Col_18",1,0.00775,1.36,2.8,"Adult","after","Control","",7.75,-0.0308544356214671,9.81508250870155
"04-Aug-18","Col_18",2,0.00748,1.42,3.36,"Adult","after","Control","",7.48,-0.162442873658768,8.08600138210726
"04-Aug-18","Col_18",3,0.00695,1.53,3.25,"Adult","after","Control","",6.95,-0.402064678989671,5.71458606422213
"04-Aug-18","Col_19",1,0.01048,1.43,3.34,"Adult","after","Control","died",10.48,0.159167486229083,11.041209576422
"04-Aug-18","Col_19",2,0.00826,1.4,2.99,"Adult","after","Control","died",8.26,-0.0316671661105093,9.40597969949787
"04-Aug-18","Col_19",3,0.01117,1.3,3.4,"Adult","after","Control","",11.17,0.435150779525478,16.6920028739883
"04-Aug-18","Col_20",1,0.00884,1.44,3.81,"Adult","after","Control","died",8.84,-0.0265309534584846,9.07838677064876
"04-Aug-18","Col_20",2,0.00631,1.31,3.04,"Adult","after","Control","",6.31,-0.153007527561495,9.16811451163777
"04-Aug-18","Col_22",1,0.00882,1.43,3.73,"Adult","after","Control","",8.82,-0.0132793226451125,9.29231569313379
"04-Aug-18","Col_22",2,0.008,1.47,3.4,"Adult","after","Control","",8,-0.172287780188085,7.61739011246442
"04-Aug-18","Col_22",3,0.00904,1.41,3.07,"Adult","after","Control","",9.04,0.042719464446366,10.0289733062326
"04-Aug-18","Col_22",4,0.00681,1.41,3.09,"Adult","after","Control","",6.81,-0.240547589796298,7.55501197073496
"04-Aug-18","Col_23",1,0.01179,1.55,3.72,"Adult","after","Control","",11.79,0.0975277167762369,9.24334484989141
"04-Aug-18","Col_23",2,0.00774,1.28,3.06,"Adult","after","Control","",7.74,0.102842917073248,12.2430509265114
"04-Aug-18","Col_24",1,0.0092,1.4,3.2,"Adult","after","Control","",9.2,0.0761117304115985,10.4763938541623
"04-Aug-18","Col_24",2,0.00972,1.47,3.13,"Adult","after","Control","died",9.72,0.0224562966044274,9.25512898664427
"04-Aug-18","Col_24",3,0.00883,1.38,2.99,"Adult","after","Control","",8.83,0.0671016333212297,10.5998944912445
"04-Aug-18","Col_24",4,0.00846,1.48,3.11,"Adult","after","Control","",8.46,-0.131475992257554,7.85757636196742
"04-Aug-18","Col_24",5,0.00628,1.28,3.16,"Adult","after","Control","",6.28,-0.10618879004828,9.93363821944332
"3 July 2018","Col_01",6,0.005,1.21,2.39,"Sub 2","before","Parasite","",5,0.00314939252600844,4.68723405827091
"3 July 2018","Col_01",7,0.00384,1.15,1.74,"Sub 2","before","Parasite","",3.84,-0.157063945022444,4.24614166494533
"3 July 2018","Col_01",8,0.00546,1.16,2.07,"Sub 2","before","Parasite","",5.46,0.177249853579334,5.8701198095839
"3 July 2018","Col_01",9,0.0058,1.25,2.36,"Sub 2","before","Parasite","",5.8,0.0852214233361067,4.89229833262308
"3 July 2018","Col_01",10,0.00369,1.05,2,"Sub 2","before","Parasite","",3.69,-0.0113255708889953,5.48240366430736
"3 July 2018","Col_02",6,0.00461,1.15,2.45,"Sub 2","before","Parasite","",4.61,0.0256915453864785,5.09758153005155
"3 July 2018","Col_02",7,0.00586,1.15,2.05,"Sub 2","before","Parasite","",5.86,0.265613291966843,6.47978910327594
"3 July 2018","Col_02",8,0.0064,1.33,2.35,"Sub 2","before","Parasite","",6.4,0.0571080336176632,4.41354325760396
"3 July 2018","Col_02",9,0.00473,1.23,2.26,"Sub 2","before","Parasite","",4.73,-0.0858070236572229,4.20426895112489
"3 July 2018","Col_02",10,0.00535,1.2,2.28,"Sub 2","before","Parasite","",5.35,0.0877377679750336,5.15231907376465
"3 July 2018","Col_03",6,0.00492,1.25,2.38,"Sub 2","before","Parasite","",4.92,-0.0793279637120502,4.15001858560441
"3 July 2018","Col_03",7,0.00377,1.15,1.9,"Sub 2","before","Parasite","",3.77,-0.175461310162159,4.16873804084476
"3 July 2018","Col_03",8,0.00436,1.12,1.97,"Sub 2","before","Parasite","",4.36,0.0238601291977992,5.25319939486312
"3 July 2018","Col_03",9,0.0054,1.25,2.51,"Sub 2","before","Parasite","",5.4,0.0137624593539619,4.55489844761459
"3 July 2018","Col_03",10,0.00766,1.23,2.47,"Sub 2","before","Parasite","",7.66,0.396279757591436,6.80860468617689
"3 July 2018","Col_04",6,0.00556,1.14,2.31,"Sub 2","before","Parasite","",5.56,0.230878681878142,6.324899204828
"3 July 2018","Col_04",7,0.00622,1.21,2.31,"Sub 2","before","Parasite","",6.22,0.221481386842985,5.83091916848902
"3 July 2018","Col_04",8,0.00532,1.15,2.23,"Sub 2","before","Parasite","",5.32,0.168936991731474,5.882675431643
"3 July 2018","Col_04",9,0.00633,1.3,2.93,"Sub 2","before","Parasite","",6.33,0.0926526872991716,4.70091743119193
"3 July 2018","Col_04",10,0.00552,1.2,2.45,"Sub 2","before","Parasite","",5.52,0.119019067356122,5.31603762377212
"3 July 2018","Col_05",6,0.00616,1.2,2.31,"Sub 2","before","Parasite","",6.16,0.228717984612547,5.93238981203555
"3 July 2018","Col_05",7,0.00559,1.14,2.04,"Sub 2","before","Parasite","",5.59,0.236259860782659,6.35902635881089
"3 July 2018","Col_05",8,0.00488,1.09,2.16,"Sub 2","before","Parasite","",4.88,0.191921863072691,6.42160295407568
"3 July 2018","Col_05",9,0.00418,1.13,2.13,"Sub 2","before","Parasite","",4.18,-0.0364343156254208,4.89304454807414
"3 July 2018","Col_05",10,0.0048,1.11,2.03,"Sub 2","before","Parasite","",4.8,0.138300259409035,5.95422936986627
"3 July 2018","Col_06",6,0.00501,1.19,2.11,"Sub 2","before","Parasite","",5.01,0.0391485221411832,4.95777661439423
"3 July 2018","Col_06",7,0.00412,1.1,2.06,"Sub 2","before","Parasite","",4.12,0.0039993538659261,5.26311572760196
"3 July 2018","Col_06",8,0.00472,1.23,2.4,"Sub 2","before","Parasite","",4.72,-0.0879234265636003,4.19538043325782
"3 July 2018","Col_06",9,0.00315,1.12,2.17,"Sub 2","before","Parasite","",3.15,-0.301209475325602,3.79531607656395
"3 July 2018","Col_06",10,0.0055,1.15,2.05,"Sub 2","before","Parasite","",5.5,0.202211780616347,6.08171332218732
"3 July 2018","Col_07",6,0.00415,1.13,2.27,"Sub 2","before","Parasite","",4.15,-0.0436372279194788,4.85792700347074
"3 July 2018","Col_07",7,0.0044,1.17,2.16,"Sub 2","before","Parasite","",4.4,-0.0561054074275996,4.60047701857801
"3 July 2018","Col_07",8,0.00366,1.08,2.15,"Sub 2","before","Parasite","",3.66,-0.0769580450145088,4.96250925330447
"3 July 2018","Col_07",9,0.00494,1.25,2.31,"Sub 2","before","Parasite","",4.94,-0.0752711630164359,4.16688857985483
"3 July 2018","Col_07",10,0.00383,1.1,2.09,"Sub 2","before","Parasite","",3.83,-0.0689890063029542,4.89265369823192
"3 July 2018","Col_08",6,0.00509,1.27,2.78,"Sub 2","before","Parasite","",5.09,-0.0777406196297619,4.07773827926163
"3 July 2018","Col_08",7,0.00598,1.2,2.15,"Sub 2","before","Parasite","",5.98,0.199061775029659,5.75904075908646
"3 July 2018","Col_08",8,0.00539,1.13,1.59,"Sub 2","before","Parasite","",5.39,0.21779982275882,6.3094521804114
"3 July 2018","Col_08",9,0.00456,1.25,2.36,"Sub 2","before","Parasite","",4.56,-0.155313870689972,3.84635868909677
"3 July 2018","Col_08",10,0.00941,1.41,2.64,"Sub 2","before","Parasite","",9.41,0.323423850909429,5.36822467045457
"3 July 2018","Col_09",6,0.00407,1.11,2.05,"Sub 2","before","Parasite","",4.07,-0.0266726590503073,5.04869031986578
"3 July 2018","Col_09",7,0.00453,1.24,2.51,"Sub 2","before","Parasite","",4.53,-0.145528760662934,3.92201716605755
"3 July 2018","Col_09",8,0.00439,1.21,2,"Sub 2","before","Parasite","",4.39,-0.126959292821023,4.11539150316186
"3 July 2018","Col_09",9,0.00382,1.27,2.5,"Sub 2","before","Parasite","",3.82,-0.36476802757371,3.0603065278545
"3 July 2018","Col_09",10,0.00462,1.17,2.43,"Sub 2","before","Parasite","",4.62,-0.00731524325816767,4.83050086950691
"3 July 2018","Col_10",6,0.00548,1.35,2.74,"Sub 2","before","Parasite","",5.48,-0.128533486601212,3.60031890428992
"3 July 2018","Col_10",7,0.0047,1.27,2.45,"Sub 2","before","Parasite","",4.7,-0.15745594147618,3.76529860756968
"3 July 2018","Col_10",8,0.00597,1.24,2.24,"Sub 2","before","Parasite","",5.97,0.130496227246634,5.16875109963876
"3 July 2018","Col_10",9,0.00614,1.26,2.45,"Sub 2","before","Parasite","",6.14,0.125933019367653,5.04681298225031
"3 July 2018","Col_10",10,0.0046,1.31,2.72,"Sub 2","before","Parasite","",4.6,-0.242223662027872,3.33220070899044
"3 July 2018","Col_11",6,0.00528,1.22,2.25,"Sub 2","before","Parasite","",5.28,0.0408471917312147,4.81919548777002
"3 July 2018","Col_11",7,0.00566,1.23,2.4,"Sub 2","before","Parasite","",5.66,0.0936916660540271,5.03090111276256
"3 July 2018","Col_11",8,0.00483,1.28,2.27,"Sub 2","before","Parasite","",4.83,-0.146172224490113,3.77214911557628
"3 July 2018","Col_11",9,0.00427,1.28,2.54,"Sub 2","before","Parasite","",4.27,-0.269404864914061,3.33479849348048
"3 July 2018","Col_11",10,0.00547,1.3,2.62,"Sub 2","before","Parasite","",5.47,-0.0533689324230235,4.06224618461609
"3 July 2018","Col_12",6,0.00609,1.26,2.54,"Sub 2","before","Parasite","",6.09,0.117756358930408,5.00571515666195
"3 July 2018","Col_12",7,0.00594,1.23,2.55,"Sub 2","before","Parasite","",5.94,0.141976907213489,5.27977961304057
"3 July 2018","Col_12",8,0.00412,1.33,2.57,"Sub 2","before","Parasite","",4.12,-0.383336793386528,2.84121847208255
"3 July 2018","Col_12",9,0.005,1.33,2.65,"Sub 2","before","Parasite","",5,-0.189752044313863,3.44808067000309
"3 July 2018","Col_12",10,0.00449,1.2,2.65,"Sub 2","before","Parasite","",4.49,-0.0875060911787186,4.32409582078566
"4 July 2018","Col_13",6,0.00511,1.25,2.79,"Sub 2","before","Control","",5.11,-0.0414370900006539,4.31028353098344
"4 July 2018","Col_13",7,0.00377,1.11,2.31,"Sub 2","before","Control","",3.77,-0.103240657044891,4.67655098424914
"4 July 2018","Col_13",8,0.00609,1.17,2.01,"Sub 2","before","Control","",6.09,0.26893813336999,6.36747841889547
"4 July 2018","Col_13",9,0.00524,1.12,1.97,"Sub 2","before","Control","",5.24,0.207709570169807,6.31347817180797
"4 July 2018","Col_13",10,0.00587,1.3,2.67,"Sub 2","before","Control","",5.87,0.0172070849830919,4.35930257837229
"4 July 2018","Col_14",6,0.00411,1.19,2.32,"Sub 2","before","Control","",4.11,-0.158864364447447,4.06715806091024
"4 July 2018","Col_14",7,0.00305,1.1,2.17,"Sub 2","before","Control","",3.05,-0.296712218876189,3.89623858475388
"4 July 2018","Col_14",8,0.00382,1.1,2.01,"Sub 2","before","Control","",3.82,-0.0716033868770253,4.87987914549502
"4 July 2018","Col_14",9,0.00343,1.15,2.04,"Sub 2","before","Control","",3.43,-0.26997605044423,3.79277758092773
"4 July 2018","Col_14",10,0.00452,1.17,2.29,"Sub 2","before","Control","",4.52,-0.0291979545076754,4.72594457363013
"4 July 2018","Col_15",6,0.00387,1.1,2.11,"Sub 2","before","Control","",3.87,-0.0585993024538186,4.94375190917951
"4 July 2018","Col_15",7,0.0054,1.23,2.27,"Sub 2","before","Control","",5.4,0.0466667274091644,4.7997996482187
"4 July 2018","Col_15",8,0.00454,1.18,2.26,"Sub 2","before","Control","",4.54,-0.0421449167752357,4.61747894202477
"4 July 2018","Col_15",9,0.00455,1.23,2.47,"Sub 2","before","Control","",4.55,-0.124604993198205,4.0442756295176
"4 July 2018","Col_15",10,0.00437,1.22,2.5,"Sub 2","before","Control","",4.37,-0.148315896879457,3.9886144472642
"4 July 2018","Col_16",6,0.00336,1.16,2.29,"Sub 2","before","Control","",3.36,-0.308257962202367,3.6123814212824
"4 July 2018","Col_16",7,0.00458,1.22,1.84,"Sub 2","before","Control","",4.58,-0.101379907860862,4.18028699507324
"4 July 2018","Col_16",8,0.00319,1.04,1.84,"Sub 2","before","Control","",3.19,-0.137409236926808,4.88910571588106
"4 July 2018","Col_16",9,0.00314,1.1,2.04,"Sub 2","before","Control","",3.14,-0.267631009575347,4.01120955938596
"4 July 2018","Col_16",10,0.00511,1.36,2.55,"Sub 2","before","Control","",5.11,-0.213494752731428,3.27773964597768
"4 July 2018","Col_17",6,0.00499,1.18,2.1,"Sub 2","before","Control","",4.99,0.0523639809349349,5.0751585728422
"4 July 2018","Col_17",7,0.00313,1.08,2.04,"Sub 2","before","Control","",3.13,-0.233388187875722,4.24389452536694
"4 July 2018","Col_17",8,0.00375,1.17,2.18,"Sub 2","before","Control","",3.75,-0.215954108369496,3.92086109537898
"4 July 2018","Col_17",9,0.00525,1.25,2.53,"Sub 2","before","Control","",5.25,-0.0144084176127345,4.42837349073641
"4 July 2018","Col_17",10,0.00418,1.25,2.4,"Sub 2","before","Control","",4.18,-0.242325247679602,3.5258287983387
"4 July 2018","Col_18",6,0.00423,1.05,2.04,"Sub 2","before","Control","",4.23,0.125249964116756,6.28470663957186
"4 July 2018","Col_18",7,0.00379,1.06,1.94,"Sub 2","before","Control","",3.79,-0.00392284080954509,5.46031451642667
"4 July 2018","Col_18",8,0.00461,1.13,2.11,"Sub 2","before","Control","",4.61,0.0614822948464715,5.39639602072292
"4 July 2018","Col_18",9,0.00269,1.03,1.8,"Sub 2","before","Control","Sub 1?",2.69,-0.28817846481946,4.25417652508748
"4 July 2018","Col_18",10,0.00348,1.04,2.01,"Sub 2","before","Control","",3.48,-0.0503978599371783,5.33356987187025
"4 July 2018","Col_19",6,0.00353,1.08,2.11,"Sub 2","before","Control","",3.53,-0.113123321482578,4.786245263433
"4 July 2018","Col_19",7,0.00401,1.16,1.88,"Sub 2","before","Control","",4.01,-0.131407694859002,4.31120520813762
"4 July 2018","Col_19",8,0.00369,1.09,1.9,"Sub 2","before","Control","",3.69,-0.0875968987399288,4.85567928289739
"4 July 2018","Col_19",9,0.00398,1.09,2.12,"Sub 2","before","Control","",3.98,-0.0119415374960182,5.2372909338568
"4 July 2018","Col_19",10,0.00314,1.19,1.94,"Sub 2","before","Control","",3.14,-0.428064593035428,3.1072691754886
"4 July 2018","Col_20",6,0.00439,1.05,2.1,"Sub 2","before","Control","",4.39,0.162377198145649,6.52242603965022
"4 July 2018","Col_20",7,0.00414,1.01,2.11,"Sub 2","before","Control","",4.14,0.182977810901835,6.97772617357974
"4 July 2018","Col_20",8,0.00343,1.09,1.88,"Sub 2","before","Control","",3.43,-0.160663095614516,4.5135446992786
"4 July 2018","Col_20",9,0.00447,1.21,2.39,"Sub 2","before","Control","",4.47,-0.108900111282625,4.1903872480942
"4 July 2018","Col_20",10,0.00438,1.16,2.07,"Sub 2","before","Control","",4.38,-0.043150211789125,4.70899720988598
"4 July 2018","Col_22",6,0.00502,1.18,2.52,"Sub 2","before","Control","",5.02,0.0583580048751457,5.10567054823003
"4 July 2018","Col_22",7,0.00315,1.04,1.8,"Sub 2","before","Control","Sub 1?",3.15,-0.150027700886019,4.82780031505497
"4 July 2018","Col_22",8,0.00436,1.13,2.5,"Sub 2","before","Control","",4.36,0.00572649519885734,5.10374981569456
"4 July 2018","Col_22",9,0.00438,1.1,2.28,"Sub 2","before","Control","",4.38,0.0651949148928458,5.59525409876131
"4 July 2018","Col_22",10,0.00366,1.11,2.09,"Sub 2","before","Control","",3.66,-0.132852511091536,4.54009989452303
"4 July 2018","Col_23",6,0.00452,1.05,1.91,"Sub 2","before","Control","",4.52,0.191559964902709,6.7155730522139
"4 July 2018","Col_23",7,0.00412,1.16,2.02,"Sub 2","before","Control","",4.12,-0.104345772816045,4.42946769514389
"4 July 2018","Col_23",8,0.00591,1.29,2.55,"Sub 2","before","Control","",5.91,0.0397514140644089,4.50044468374926
"4 July 2018","Col_23",9,0.00562,1.31,2.3,"Sub 2","before","Control","",5.62,-0.0419483016173211,4.07107999663615
"4 July 2018","Col_23",10,0.0043,1.11,2.04,"Sub 2","before","Control","",4.3,0.028299364194706,5.33399714383854
"4 July 2018","Col_24",6,0.00544,1.23,2,"Sub 2","before","Control","",5.44,0.0540468347067869,4.83535371968698
"4 July 2018","Col_24",7,0.00279,0.96,2.14,"Sub 2","before","Control","",2.79,-0.108099801966255,5.54514623005024
"4 July 2018","Col_24",8,0.00396,1.17,2.34,"Sub 2","before","Control","",3.96,-0.161465923085426,4.14042931672021
"4 July 2018","Col_24",9,0.00442,1.19,2.41,"Sub 2","before","Control","",4.42,-0.0861476968659835,4.37392667377694
"4 July 2018","Col_24",10,0.00403,1.1,2.32,"Sub 2","before","Control","",4.03,-0.0180874335369175,5.14814475296988
"04-Aug-18","Col_01",2,0.00469,1.23,2.32,"Sub 2","after","Parasite","",4.69,-0.0942996437028766,4.16871487965661
"04-Aug-18","Col_01",3,0.00526,1.16,2.54,"Sub 2","after","Parasite","",5.26,0.139932090572139,5.65509710593614
"04-Aug-18","Col_02",2,0.00645,1.31,2.49,"Sub 2","after","Parasite","",6.45,0.0958001652847603,4.67232490717138
"04-Aug-18","Col_02",3,0.0082,1.28,2.63,"Sub 2","after","Parasite","",8.2,0.383115462115613,6.40406268068851
"04-Aug-18","Col_02",4,0.0058,1.25,2.09,"Sub 2","after","Parasite","",5.8,0.0852214233361067,4.89229833262308
"04-Aug-18","Col_02",5,0.00545,1.22,2.46,"Sub 2","after","Parasite","",5.45,0.0725367026881973,4.97435897885353
"04-Aug-18","Col_02",6,0.00487,1.18,2.18,"Sub 2","after","Parasite","",4.87,0.0280220082660063,4.95311067129088
"04-Aug-18","Col_03",5,0.00435,1.21,2.53,"Sub 2","after","Parasite","",4.35,-0.13611267480751,4.07789363069569
"04-Aug-18","Col_03",6,0.0041,1.21,2.32,"Sub 2","after","Parasite","",4.1,-0.195301546197841,3.84353192778215
"04-Aug-18","Col_03",7,0.00525,1.27,2.41,"Sub 2","after","Parasite","",5.25,-0.0467903735886608,4.20591865739166
"04-Aug-18","Col_03",8,0.00525,1.16,2.31,"Sub 2","after","Parasite","",5.25,0.138029140426053,5.64434597075375
"04-Aug-18","Col_03",9,0.00445,1.15,2.32,"Sub 2","after","Parasite","",4.45,-0.00963221544392992,4.92065896067883
"04-Aug-18","Col_04",6,0.00531,1.23,2.4,"Sub 2","after","Parasite","",5.31,0.029859609092783,4.71980298741505
"04-Aug-18","Col_04",7,0.00507,1.29,2.64,"Sub 2","after","Parasite","",5.07,-0.113553599750506,3.8607875713382
"04-Aug-18","Col_04",8,0.00608,1.34,3.03,"Sub 2","after","Parasite","",6.08,-0.009466383850808,4.09211872128826
"04-Aug-18","Col_05",6,0.00426,1.16,2.2,"Sub 2","after","Parasite","",4.26,-0.0709297758962007,4.57998358769733
"04-Aug-18","Col_05",8,0.00494,1.15,2.11,"Sub 2","after","Parasite","",4.94,0.0948290195777523,5.46248432938279
"04-Aug-18","Col_05",9,0.00606,1.38,2.64,"Sub 2","after","Parasite","",6.06,-0.0727662053908224,3.70714929885762
"04-Aug-18","Col_05",10,0.00469,1.2,2.02,"Sub 2","after","Parasite","",4.69,-0.0439262104746937,4.51670587961798
"04-Aug-18","Col_05",11,0.00559,1.19,2.36,"Sub 2","after","Parasite","",5.59,0.148691894211418,5.53173079330614
"04-Aug-18","Col_06",2,0.00568,1.16,2.02,"Sub 2","after","Parasite","",5.68,0.21675229655558,6.10664478359644
"04-Aug-18","Col_06",3,0.00579,1.22,2.31,"Sub 2","after","Parasite","",5.79,0.133053385597948,5.28468596102053
"04-Aug-18","Col_06",4,0.00511,1.13,2.33,"Sub 2","after","Parasite","",5.11,0.164453842053527,5.98168843077964
"04-Aug-18","Col_06",5,0.00373,1.14,2.01,"Sub 2","after","Parasite","",3.73,-0.168311192728624,4.24314281187202
"04-Aug-18","Col_06",6,0.00355,1.15,2.16,"Sub 2","after","Parasite","",3.55,-0.235588708134754,3.92546950795727
"04-Aug-18","Col_06",7,0.00424,1.29,1.94,"Sub 2","after","Parasite","",4.24,-0.292331148109732,3.22874542455108
"04-Aug-18","Col_07",2,0.00396,1.09,2.06,"Sub 2","after","Parasite","",3.96,-0.0169793315259753,5.21097288896305
"04-Aug-18","Col_07",3,0.00362,1.12,2.33,"Sub 2","after","Parasite","",3.62,-0.162137902325464,4.36160133243223
"04-Aug-18","Col_08",4,0.00672,1.31,2.27,"Sub 2","after","Parasite","",6.72,0.136808189012137,4.86791060095995
"04-Aug-18","Col_08",5,0.00583,1.25,2.73,"Sub 2","after","Parasite","",5.83,0.0903805061461341,4.91760332399872
"04-Aug-18","Col_09",4,0.00629,1.28,2.6,"Sub 2","after","Parasite","",6.29,0.117942378557755,4.91238466604033
"04-Aug-18","Col_09",5,0.00324,1.11,2.25,"Sub 2","after","Parasite","",3.24,-0.254742328700573,4.01910482465973
"04-Aug-18","Col_09",6,0.00661,1.22,2.56,"Sub 2","after","Parasite","",6.61,0.265504747876639,6.03312162389391
"04-Aug-18","Col_09",7,0.00516,1.1,2.34,"Sub 2","after","Parasite","",5.16,0.229082769997962,6.59166921223935
"04-Aug-18","Col_09",8,0.00349,1.22,2.35,"Sub 2","after","Parasite","died",3.49,-0.37317716977262,3.18541519930253
"04-Aug-18","Col_10",6,0.00648,1.27,2.22,"Sub 2","after","Parasite","",6.48,0.16370206017199,5.19130531426628
"04-Aug-18","Col_10",7,0.00416,1.18,2.25,"Sub 2","after","Parasite","",4.16,-0.129556854555321,4.2309939204456
"04-Aug-18","Col_10",8,0.00543,1.23,2.1,"Sub 2","after","Parasite","",5.43,0.0522069077847796,4.82646520181991
"04-Aug-18","Col_10",9,0.005,1.17,2.23,"Sub 2","after","Parasite","",5,0.0717279640822851,5.22781479383864
"04-Aug-18","Col_10",10,0.00382,1.1,2.1,"Sub 2","after","Parasite","",3.82,-0.0716033868770253,4.87987914549502
"04-Aug-18","Col_11",6,0.00643,1.34,2.97,"Sub 2","after","Parasite","",6.43,0.0465034584206443,4.32768476609926
"04-Aug-18","Col_11",7,0.00563,1.19,2.09,"Sub 2","after","Parasite","",5.63,0.155822049196009,5.57131384012764
"04-Aug-18","Col_11",8,0.0068,1.27,2.43,"Sub 2","after","Parasite","",6.8,0.211904161989868,5.44766607052634
"04-Aug-18","Col_11",9,0.00596,1.29,2.77,"Sub 2","after","Parasite","",5.96,0.0481760637236604,4.53851951186897
"04-Aug-18","Col_11",10,0.00412,1.15,2.39,"Sub 2","after","Parasite","",4.12,-0.0866831482606436,4.55575616134759
"04-Aug-18","Col_12",3,0.0085,1.31,2.73,"Sub 2","after","Parasite","",8.5,0.37178619797335,6.15732739704756
"04-Aug-18","Col_12",4,0.00574,1.24,2.47,"Sub 2","after","Parasite","",5.74,0.0912085101735984,4.96961998524732
"04-Aug-18","Col_12",5,0.00384,1.1,2.21,"Sub 2","after","Parasite","",3.84,-0.0663814428958734,4.90542825096882
"04-Aug-18","Col_13",5,0.00697,1.23,2.3,"Sub 2","after","Control","",6.97,0.301882998611368,6.19529695334895
"04-Aug-18","Col_13",6,0.00453,1.17,2.34,"Sub 2","after","Control","",4.53,-0.0269880088568725,4.73640020321781
"04-Aug-18","Col_15",3,0.00471,1.23,2.46,"Sub 2","after","Control","",4.71,-0.0900443181327381,4.18649191539075
"04-Aug-18","Col_16",2,0.00444,1.18,2.18,"Sub 2","after","Control","",4.44,-0.0644175523843587,4.51577235739867
"04-Aug-18","Col_17",6,0.00471,1.15,2.1,"Sub 2","after","Control","",4.71,0.0471515964062476,5.2081581359095
"04-Aug-18","Col_17",7,0.00499,1.17,2.33,"Sub 2","after","Control","",4.99,0.069725961411612,5.21735916425096
"04-Aug-18","Col_17",8,0.00446,1.12,2.6,"Sub 2","after","Control","",4.46,0.046536837868829,5.37368561951595
"04-Aug-18","Col_17",9,0.00659,1.24,2.36,"Sub 2","after","Control","",6.59,0.229302648356539,5.70553932104179
"04-Aug-18","Col_17",10,0.0064,1.27,2.43,"Sub 2","after","Control","",6.4,0.151279540173433,5.12721512520126
"04-Aug-18","Col_18",4,0.0057,1.09,2.12,"Sub 2","after","Control","",5.7,0.34724281804814,7.50064279471954
"04-Aug-18","Col_18",5,0.00598,1.21,1.95,"Sub 2","after","Control","",5.98,0.182132048054438,5.60593193369201
"04-Aug-18","Col_18",6,0.00498,1.16,2.08,"Sub 2","after","Control","died",4.98,0.0852309548590819,5.35406532082927
"04-Aug-18","Col_18",7,0.00542,1.17,2.68,"Sub 2","after","Control","",5.42,0.15238586709974,5.66695123652109
"04-Aug-18","Col_18",8,0.00381,1.21,2.37,"Sub 2","after","Control","died",3.81,-0.268659330769493,3.57167235240244
"04-Aug-18","Col_19",4,0.00489,1.22,1.96,"Sub 2","after","Control","",4.89,-0.0358866025001748,4.4632321846961
"04-Aug-18","Col_19",5,0.00388,1.2,2.42,"Sub 2","after","Control","",3.88,-0.233523639297699,3.73663514134707
"04-Aug-18","Col_20",3,0.00503,1.15,2.18,"Sub 2","after","Control","",5.03,0.112883672489569,5.56200327465495
"04-Aug-18","Col_20",4,0.00397,1.09,2.27,"Sub 2","after","Control","",3.97,-0.0144572620932656,5.22413191140993
"04-Aug-18","Col_22",5,0.00579,1.29,2.71,"Sub 2","after","Control","",5.79,0.0192378742313058,4.40906509626197
"04-Aug-18","Col_22",6,0.00451,1.18,2.46,"Sub 2","after","Control","",4.51,-0.0487747753139052,4.58696696663694
"04-Aug-18","Col_22",7,0.00485,1.1,2.16,"Sub 2","after","Control","",4.85,0.167124895453883,6.19565807739551
"04-Aug-18","Col_23",3,0.00562,1.17,2.49,"Sub 2","after","Control","",5.62,0.188621715553784,5.87606382827463
"04-Aug-18","Col_23",4,0.0065,1.26,2.5,"Sub 2","after","Control","",6.5,0.182910454110194,5.34271732648649
"04-Aug-18","Col_23",5,0.00441,1.1,2.11,"Sub 2","after","Control","",4.41,0.0720208799632457,5.633577756972
"04-Aug-18","Col_23",6,0.00393,1.05,2.21,"Sub 2","after","Control","",3.93,0.0516873969397388,5.83898276442492
"04-Aug-18","Col_23",7,0.00511,1.15,2.08,"Sub 2","after","Control","",5.11,0.128663092593534,5.65046455934131
"04-Aug-18","Col_24",6,0.00691,1.14,2.21,"Sub 2","after","Control","",6.91,0.44825021139523,7.86062113405783
"04-Aug-18","Col_24",7,0.00458,1.07,2.06,"Sub 2","after","Control","",4.58,0.166254876428367,6.40034285673468
"04-Aug-18","Col_24",8,0.0058,1.31,2.41,"Sub 2","after","Control","died",5.8,-0.0104220479705471,4.20147045916186
"04-Aug-18","Col_24",9,0.0037,1.23,2.36,"Sub 2","after","Control","",3.7,-0.331399406510886,3.28875161081651
"04-Aug-18","Col_01",4,0.002755,1.1,1.86,"Sub 1","after","Parasite","",2.755,-0.111281881410977,2.16929340639099
"04-Aug-18","Col_01",5,0.002755,1.04,1.62,"Sub 1","after","Parasite","",2.755,-0.0462636553134049,2.47070803516754
"04-Aug-18","Col_01",6,0.002755,0.88,1.34,"Sub 1","after","Parasite","",2.755,0.147383403495842,3.64005169089474
"04-Aug-18","Col_01",7,0.002755,1.03,1.61,"Sub 1","after","Parasite","",2.755,-0.0350636859483512,2.52670532713577
"04-Aug-18","Col_01",8,0.002755,0.96,1.64,"Sub 1","after","Parasite","",2.755,0.0465208758242891,2.97477729003368
"04-Aug-18","Col_02",7,0.002246,0.93,1.53,"Sub 1","after","Parasite","",2.246,-0.120943006345866,2.61051055702011
"04-Aug-18","Col_02",8,0.002246,0.91,1.61,"Sub 1","after","Parasite","",2.246,-0.0957422788139361,2.74552735288234
"04-Aug-18","Col_02",9,0.002246,0.98,1.58,"Sub 1","after","Parasite","",2.246,-0.181647336872359,2.31191173715462
"04-Aug-18","Col_02",10,0.002246,0.81,1.26,"Sub 1","after","Parasite","",2.246,0.0391991821810038,3.59662089709821
"04-Aug-18","Col_02",11,0.002246,0.94,1.49,"Sub 1","after","Parasite","",2.246,-0.133340855130879,2.54654459563746
"04-Aug-18","Col_03",10,0.002906,0.99,1.85,"Sub 1","after","Parasite","",2.906,0.064210866700181,2.92166125815006
"04-Aug-18","Col_03",11,0.002906,1.07,2.02,"Sub 1","after","Parasite","",2.906,-0.0258684407790737,2.43976370801944
"04-Aug-18","Col_03",12,0.002906,1.13,1.91,"Sub 1","after","Parasite","",2.906,-0.0891125503320933,2.1497423156584
"04-Aug-18","Col_03",13,0.002906,1.06,1.77,"Sub 1","after","Parasite","",2.906,-0.0149839682120298,2.49348498466154
"04-Aug-18","Col_03",14,0.002906,1.04,1.98,"Sub 1","after","Parasite","",2.906,0.00709646722980656,2.60612615252155
"04-Aug-18","Col_04",9,0.00307666666666667,1,2.01,"Sub 1","after","Parasite","",3.07666666666667,0.109629834575495,3.02197063652708
"04-Aug-18","Col_04",10,0.00307666666666667,1.01,1.68,"Sub 1","after","Parasite","",3.07666666666667,0.0980955323297275,2.95302092728795
"04-Aug-18","Col_04",11,0.00307666666666667,1.04,2.08,"Sub 1","after","Parasite","",3.07666666666667,0.0641656619283665,2.75918150811814
"04-Aug-18","Col_05",7,0.00306666666666667,1.05,1.92,"Sub 1","after","Parasite","",3.06666666666667,0.0498173064875647,2.6898395225739
"04-Aug-18","Col_05",12,0.00306666666666667,1.08,2.06,"Sub 1","after","Parasite","",3.06666666666667,0.0171619692674221,2.51969358815012
"04-Aug-18","Col_05",13,0.00306666666666667,1.02,1.75,"Sub 1","after","Parasite","",3.06666666666667,0.0834193059175591,2.87691938804223
"04-Aug-18","Col_06",8,0.00398,1.05,2.04,"Sub 1","after","Parasite","",3.98,0.310507930397026,3.49094390212309
"04-Aug-18","Col_06",9,0.00398,1.06,2.06,"Sub 1","after","Parasite","",3.98,0.299520285936225,3.41502761147726
"04-Aug-18","Col_06",10,0.00398,1.08,1.91,"Sub 1","after","Parasite","",3.98,0.277852593176883,3.27012406983831
"04-Aug-18","Col_07",4,0.00259,1.01,1.32,"Sub 1","after","Parasite","",2.59,-0.0740933518054772,2.48591252492171
"04-Aug-18","Col_07",5,0.00259,1.13,1.77,"Sub 1","after","Parasite","",2.59,-0.204232239768738,1.91597818222824
"04-Aug-18","Col_07",6,0.00259,0.99,1.5,"Sub 1","after","Parasite","",2.59,-0.0509088227364637,2.60395824453154
"04-Aug-18","Col_08",6,0.003408,1.04,1.93,"Sub 1","after","Parasite","",3.408,0.166444511048785,3.05632413206932
"04-Aug-18","Col_08",7,0.003408,1.09,1.69,"Sub 1","after","Parasite","",3.408,0.112012548586825,2.74091845819134
"04-Aug-18","Col_08",8,0.003408,1.09,1.84,"Sub 1","after","Parasite","",3.408,0.112012548586825,2.74091845819134
"04-Aug-18","Col_08",9,0.003408,0.94,1.73,"Sub 1","after","Parasite","",3.408,0.283633897519939,3.8640356108337
"04-Aug-18","Col_08",10,0.003408,1.05,2.01,"Sub 1","after","Parasite","",3.408,0.155351720067749,2.98923035639082
"04-Aug-18","Col_09",9,0.0028925,1.08,1.97,"Sub 1","after","Parasite","",2.8925,-0.0413080460337683,2.37659142512747
"04-Aug-18","Col_09",10,0.0028925,1.03,1.9,"Sub 1","after","Parasite","",2.8925,0.0136400515324656,2.65281130988756
"04-Aug-18","Col_09",11,0.0028925,0.95,1.65,"Sub 1","after","Parasite","",2.8925,0.107362816482239,3.2000351475431
"04-Aug-18","Col_09",12,0.0028925,1,1.72,"Sub 1","after","Parasite","",2.8925,0.0479042548145382,2.84107802800257
"04-Aug-18","Col_10",11,0.00267,1.06,1.63,"Sub 1","after","Parasite","",2.67,-0.0996830609479627,2.29098585996088
"04-Aug-18","Col_10",12,0.00267,0.99,1.93,"Sub 1","after","Parasite","",2.67,-0.0204882260357519,2.68438938721977
"04-Aug-18","Col_10",13,0.00267,1.05,2.02,"Sub 1","after","Parasite","died",2.67,-0.0886954164871621,2.34191462780619
"04-Aug-18","Col_10",14,0.00267,0.97,1.64,"Sub 1","after","Parasite","died",2.67,0.00316948920639552,2.81452364805521
"04-Aug-18","Col_11",11,0.0032,1.07,2,"Sub 1","after","Parasite","",3.2,0.0705048038785161,2.68659458556855
"04-Aug-18","Col_11",12,0.0032,0.98,1.7,"Sub 1","after","Parasite","",3.2,0.172352616617071,3.29390808499323
"04-Aug-18","Col_12",6,0.003056,0.98,2,"Sub 1","after","Parasite","",3.056,0.126308678115664,3.14568222116853
"04-Aug-18","Col_12",7,0.003056,1.06,2.07,"Sub 1","after","Parasite","",3.056,0.0353453379441531,2.62219205544586
"04-Aug-18","Col_12",8,0.003056,1.12,2.01,"Sub 1","after","Parasite","",3.056,-0.0284792846724332,2.307802552463
"04-Aug-18","Col_12",9,0.003056,0.93,1.55,"Sub 1","after","Parasite","",3.056,0.187013008642157,3.55196805977447
"04-Aug-18","Col_12",10,0.003056,0.99,1.57,"Sub 1","after","Parasite","",3.056,0.114540172856364,3.07246965069049
"04-Aug-18","Col_13",7,0.00279,1.11,1.91,"Sub 1","after","Control","",2.79,-0.109148187213707,2.15121747649277
"04-Aug-18","Col_13",8,0.00279,0.96,1.64,"Sub 1","after","Control","",2.79,0.0591450290526855,3.01256937901777
"04-Aug-18","Col_13",9,0.00279,0.82,1.65,"Sub 1","after","Control","male",2.79,0.241866579919148,4.3423870321533
"04-Aug-18","Col_13",10,0.00279,0.89,1.63,"Sub 1","after","Control","",2.79,0.146909249998074,3.59093265649181
"04-Aug-18","Col_13",11,0.00279,0.9,1.75,"Sub 1","after","Control","",2.79,0.133957296130072,3.49906133964422
"04-Aug-18","Col_14",4,0.00332,1.08,2.02,"Sub 1","after","Control","",3.32,0.0965355568089341,2.72784218891035
"04-Aug-18","Col_14",5,0.00332,1.09,2.16,"Sub 1","after","Control","",3.32,0.0858517225481528,2.67014356842583
"04-Aug-18","Col_14",6,0.00332,1.08,1.91,"Sub 1","after","Control","",3.32,0.0965355568089341,2.72784218891035
"04-Aug-18","Col_14",7,0.00332,1.1,2.02,"Sub 1","after","Control","",3.32,0.0752654589125325,2.61417572022435
"04-Aug-18","Col_14",8,0.00332,1.01,1.59,"Sub 1","after","Control","",3.32,0.174213555411473,3.18657512847107
"04-Aug-18","Col_15",4,0.003895,1.07,1.61,"Sub 1","after","Control","",3.895,0.267047673395547,3.27008934712172
"04-Aug-18","Col_15",5,0.003895,1.05,1.99,"Sub 1","after","Control","",3.895,0.288919790423391,3.41638856753
"04-Aug-18","Col_15",6,0.003895,1.16,2.48,"Sub 1","after","Control","",3.895,0.173430093129984,2.71145649148902
"04-Aug-18","Col_15",7,0.003895,1.12,2.02,"Sub 1","after","Control","",3.895,0.214107523346005,2.94139101500111
"04-Aug-18","Col_15",8,0.003895,1.06,2,"Sub 1","after","Control","",3.895,0.277932145962591,3.34209360469948
"04-Aug-18","Col_16",3,0.00235,1,1.72,"Sub 1","after","Control","",2.35,-0.159801597115089,2.30822242551635
"04-Aug-18","Col_16",4,0.00235,0.92,1.43,"Sub 1","after","Control","",2.35,-0.0631466523264785,2.80074914308831
"04-Aug-18","Col_17",11,0.00282333333333333,0.99,1.67,"Sub 1","after","Control","",2.82333333333333,0.0353515215479434,2.83854907737222
"04-Aug-18","Col_17",12,0.00282333333333333,0.98,1.72,"Sub 1","after","Control","",2.82333333333333,0.0471200268072435,2.90618765415548
"04-Aug-18","Col_17",13,0.00282333333333333,1.04,1.9,"Sub 1","after","Control","",2.82333333333333,-0.0217628779224311,2.53198996465446
"04-Aug-18","Col_18",9,0.003254,1.04,1.93,"Sub 1","after","Control","",3.254,0.120203910878561,2.91821558854272
"04-Aug-18","Col_18",10,0.003254,1.04,1.55,"Sub 1","after","Control","",3.254,0.120203910878561,2.91821558854272
"04-Aug-18","Col_18",11,0.003254,1.02,1.97,"Sub 1","after","Control","",3.254,0.14271311932752,3.05266163761612
"04-Aug-18","Col_18",12,0.003254,0.96,1.44,"Sub 1","after","Control","",3.254,0.212988442016257,3.51358450154976
"04-Aug-18","Col_18",13,0.003254,1.01,1.58,"Sub 1","after","Control","",3.254,0.154133781279922,3.12322755061593
"04-Aug-18","Col_19",6,0.003175,1.04,1.61,"Sub 1","after","Control","",3.175,0.0956265344263704,2.84736769933101
"04-Aug-18","Col_19",7,0.003175,1.02,1.95,"Sub 1","after","Control","",3.175,0.118135742875329,2.97854969251112
"04-Aug-18","Col_20",5,0.00396,1.02,1.85,"Sub 1","after","Control","",3.96,0.339072135797063,3.7149785141241
"04-Aug-18","Col_20",6,0.00396,1.09,1.97,"Sub 1","after","Control","",3.96,0.262130964886145,3.18487003944768
"04-Aug-18","Col_20",7,0.00396,0.97,1.68,"Sub 1","after","Control","",3.96,0.397335042060627,4.17434968026166
"04-Aug-18","Col_20",8,0.00396,1.05,2.02,"Sub 1","after","Control","",3.96,0.305470136367069,3.47340147045413
"04-Aug-18","Col_20",9,0.00396,0.96,1.86,"Sub 1","after","Control","",3.96,0.409347458485801,4.27590492505748
"04-Aug-18","Col_22",8,0.002762,1.03,1.99,"Sub 1","after","Control","",2.762,-0.032526073566129,2.53312526807586
"04-Aug-18","Col_22",9,0.002762,0.98,1.81,"Sub 1","after","Control","",2.762,0.0251568617984902,2.84305441585978
"04-Aug-18","Col_22",10,0.002762,1,1.73,"Sub 1","after","Control","",2.762,0.00173812971594369,2.71289801671326
"04-Aug-18","Col_22",11,0.002762,0.96,1.65,"Sub 1","after","Control","",2.762,0.0490584882065114,2.98233570783049
"04-Aug-18","Col_22",12,0.002762,0.87,1.83,"Sub 1","after","Control","",2.762,0.163169020778588,3.74733574255623
"04-Aug-18","Col_23",8,0.003244,0.99,1.69,"Sub 1","after","Control","",3.244,0.174240437805256,3.26148283600784
"04-Aug-18","Col_23",9,0.003244,1.08,1.98,"Sub 1","after","Control","",3.244,0.0733779101337033,2.66539760868228
"04-Aug-18","Col_23",10,0.003244,1.02,1.99,"Sub 1","after","Control","",3.244,0.13963524678384,3.04328037874207
"04-Aug-18","Col_23",11,0.003244,0.99,1.75,"Sub 1","after","Control","",3.244,0.174240437805256,3.26148283600784
"04-Aug-18","Col_23",12,0.003244,0.99,1.7,"Sub 1","after","Control","",3.244,0.174240437805256,3.26148283600784
"04-Aug-18","Col_24",10,0.002572,1.04,1.79,"Sub 1","after","Control","",2.572,-0.114997291542912,2.30659203863917
"04-Aug-18","Col_24",11,0.002572,1.05,2.14,"Sub 1","after","Control","",2.572,-0.126090082523947,2.25595671262829
"04-Aug-18","Col_24",12,0.002572,0.96,2.18,"Sub 1","after","Control","male",2.572,-0.0222127604052158,2.77717865334541
"04-Aug-18","Col_24",13,0.002572,0.74,0.96,"Sub 1","after","Control","juv?",2.572,0.279504234651482,5.0793311463609
"04-Aug-18","Col_24",14,0.002572,1.02,1.64,"Sub 1","after","Control","",2.572,-0.0924880830939529,2.41285978240586
"3 July 2018","Col_01",11,0.003134,0.87,1.53,"Sub 1","before","Parasite","",3.134,0.289524109725317,4.25204569774484
"3 July 2018","Col_01",12,0.003134,1.02,1.59,"Sub 1","before","Parasite","",3.134,0.105138254464503,2.94008653112751
"3 July 2018","Col_01",13,0.003134,1.1,2.06,"Sub 1","before","Parasite","",3.134,0.0176108199179644,2.46771888770576
"3 July 2018","Col_01",14,0.003134,1.03,1.53,"Sub 1","before","Parasite","",3.134,0.0938290153805999,2.87429927232069
"3 July 2018","Col_01",15,0.003134,0.99,1.93,"Sub 1","before","Parasite","",3.134,0.139743445485919,3.15089001481152
"3 July 2018","Col_02",11,0.00284,0.9,1.55,"Sub 1","before","Parasite","",2.84,0.151719752469913,3.56176853211096
"3 July 2018","Col_02",12,0.00284,0.89,1.5,"Sub 1","before","Parasite","",2.84,0.164671706337914,3.65528628832858
"3 July 2018","Col_02",13,0.00284,0.96,1.57,"Sub 1","before","Parasite","",2.84,0.0769074853925259,3.06655807756648
"3 July 2018","Col_02",14,0.00284,1.14,2.01,"Sub 1","before","Parasite","",2.84,-0.122299237846602,2.05841778912829
"3 July 2018","Col_02",15,0.00284,0.95,1.68,"Sub 1","before","Parasite","",2.84,0.0890456885696586,3.14195326500342
"3 July 2018","Col_03",11,0.002772,0.95,1.72,"Sub 1","before","Parasite","",2.772,0.0648107177242007,3.06672339809489
"3 July 2018","Col_03",12,0.002772,1.02,1.75,"Sub 1","before","Parasite","",2.772,-0.0176028081416691,2.60048495988687
"3 July 2018","Col_03",13,0.002772,0.97,1.82,"Sub 1","before","Parasite","",2.772,0.0406600981218941,2.92204477618316
"3 July 2018","Col_03",14,0.002772,0.97,1.93,"Sub 1","before","Parasite","",2.772,0.0406600981218941,2.92204477618316
"3 July 2018","Col_03",15,0.002772,0.96,1.66,"Sub 1","before","Parasite","",2.772,0.052672514547068,2.99313344754024
"3 July 2018","Col_04",11,0.002202,0.94,0.98,"Sub 1","before","Parasite","",2.202,-0.153125673146643,2.49665681192952
"3 July 2018","Col_04",12,0.002202,0.95,1.43,"Sub 1","before","Parasite","",2.202,-0.165392325302968,2.43612010194984
"3 July 2018","Col_04",13,0.002202,0.9,1.42,"Sub 1","before","Parasite","",2.202,-0.102718261402714,2.76162475623533
"3 July 2018","Col_04",14,0.002202,0.93,1.76,"Sub 1","before","Parasite","",2.202,-0.140727824361629,2.55936965563593
"3 July 2018","Col_04",15,0.002202,0.97,1.83,"Sub 1","before","Parasite","",2.202,-0.189542944905274,2.32119141311519
"3 July 2018","Col_05",11,0.002664,1.01,1.94,"Sub 1","before","Parasite","",2.664,-0.0459224748387808,2.55693859706233
"3 July 2018","Col_05",12,0.002664,1.07,1.89,"Sub 1","before","Parasite","",2.664,-0.112817253249022,2.23658999248582
"3 July 2018","Col_05",13,0.002664,0.91,1.8,"Sub 1","before","Parasite","",2.664,0.0749356175479552,3.25649370796017
"3 July 2018","Col_05",14,0.002664,1,1.64,"Sub 1","before","Parasite","",2.664,-0.0343881725930137,2.61664023045768
"3 July 2018","Col_05",15,0.002664,0.93,1.53,"Sub 1","before","Parasite","",2.664,0.0497348900160255,3.0963491201699
"3 July 2018","Col_06",11,0.002056,0.98,1.56,"Sub 1","before","Parasite","",2.056,-0.270035845595691,2.11633594460815
"3 July 2018","Col_06",12,0.002056,0.91,1.45,"Sub 1","before","Parasite","",2.056,-0.184130787537269,2.51326991875605
"3 July 2018","Col_06",13,0.002056,0.96,1.6,"Sub 1","before","Parasite","",2.056,-0.24613421918767,2.22001528432277
"3 July 2018","Col_06",14,0.002056,0.86,1.23,"Sub 1","before","Parasite","",2.056,-0.118622522196906,2.86528697793112
"3 July 2018","Col_06",15,0.002056,0.88,1.31,"Sub 1","before","Parasite","",2.056,-0.145271691516118,2.71649592612689
"3 July 2018","Col_07",11,0.002374,0.97,1.72,"Sub 1","before","Parasite","",2.374,-0.114332687018286,2.50250155074272
"3 July 2018","Col_07",12,0.002374,0.98,1.68,"Sub 1","before","Parasite","",2.374,-0.126221897001134,2.44366806055435
"3 July 2018","Col_07",13,0.002374,1.01,1.81,"Sub 1","before","Parasite","",2.374,-0.161174931329447,2.27859317921395
"3 July 2018","Col_07",14,0.002374,0.91,1.71,"Sub 1","before","Parasite","",2.374,-0.0403168389427111,2.90199551903057
"3 July 2018","Col_07",15,0.002374,0.98,1.53,"Sub 1","before","Parasite","",2.374,-0.126221897001134,2.44366806055435
"3 July 2018","Col_08",11,0.00228,0.94,1.55,"Sub 1","before","Parasite","",2.28,-0.118316268480781,2.58509424668451
"3 July 2018","Col_08",12,0.00228,0.89,1.5,"Sub 1","before","Parasite","",2.28,-0.054956902868851,2.93452561175675
"3 July 2018","Col_08",13,0.00228,0.84,1.51,"Sub 1","before","Parasite","",2.28,0.0120668389738577,3.35570596272509
"3 July 2018","Col_08",14,0.00228,0.98,1.62,"Sub 1","before","Parasite","",2.28,-0.166622750222261,2.34690951055767
"3 July 2018","Col_08",15,0.00228,1.05,1.64,"Sub 1","before","Parasite","",2.28,-0.246598445932971,1.99983721026147
"3 July 2018","Col_09",11,0.002204,0.93,1.6,"Sub 1","before","Parasite","",2.204,-0.139819971371449,2.56169424206248
"3 July 2018","Col_09",12,0.002204,0.91,1.52,"Sub 1","before","Parasite","",2.204,-0.114619243839519,2.69418623586495
"3 July 2018","Col_09",13,0.002204,1,2.06,"Sub 1","before","Parasite","",2.204,-0.223943033980488,2.16481796844171
"3 July 2018","Col_09",14,0.002204,0.98,1.67,"Sub 1","before","Parasite","",2.204,-0.200524301897942,2.26867919353909
"3 July 2018","Col_09",15,0.002204,0.94,2.04,"Sub 1","before","Parasite","",2.204,-0.152217820156463,2.4989244384617
"3 July 2018","Col_10",11,0.002758,1.03,1.75,"Sub 1","before","Parasite","",2.758,-0.033975349182119,2.52945673039581
"3 July 2018","Col_10",12,0.002758,0.99,1.65,"Sub 1","before","Parasite","",2.758,0.0119390809232,2.77286364417683
"3 July 2018","Col_10",13,0.002758,1.03,1.69,"Sub 1","before","Parasite","",2.758,-0.033975349182119,2.52945673039581
"3 July 2018","Col_10",14,0.002758,0.97,1.9,"Sub 1","before","Parasite","",2.758,0.0355967961653474,2.90728697428325
"3 July 2018","Col_10",15,0.002758,1.04,1.73,"Sub 1","before","Parasite","",2.758,-0.0451753185471744,2.47339846134014
"3 July 2018","Col_11",11,0.002902,1,1.67,"Sub 1","before","Parasite","",2.902,0.0511832291908398,2.85040913993551
"3 July 2018","Col_11",12,0.002902,1.01,1.89,"Sub 1","before","Parasite","",2.902,0.0396489269450727,2.78537380205514
"3 July 2018","Col_11",13,0.002902,1.06,1.92,"Sub 1","before","Parasite","",2.902,-0.0163613788981247,2.49005279610729
"3 July 2018","Col_11",14,0.002902,1.01,1.82,"Sub 1","before","Parasite","",2.902,0.0396489269450727,2.78537380205514
"3 July 2018","Col_11",15,0.002902,1.03,1.65,"Sub 1","before","Parasite","",2.902,0.0169190259087671,2.66152408687768
"3 July 2018","Col_12",11,0.002374,0.92,1.73,"Sub 1","before","Parasite","",2.374,-0.0529856842950698,2.82935253859219
"3 July 2018","Col_12",12,0.002374,0.94,1.69,"Sub 1","before","Parasite","",2.374,-0.0779154152596544,2.69167269369695
"3 July 2018","Col_12",13,0.002374,0.94,1.76,"Sub 1","before","Parasite","",2.374,-0.0779154152596544,2.69167269369695
"3 July 2018","Col_12",14,0.002374,1,1.85,"Sub 1","before","Parasite","",2.374,-0.14964062908368,2.33179576092588
"3 July 2018","Col_12",15,0.002374,1.04,1.73,"Sub 1","before","Parasite","",2.374,-0.195104801730808,2.12902391124782
"4 July 2018","Col_13",11,0.00232,0.99,1.6,"Sub 1","before","Control","",2.32,-0.160999512769692,2.33250313795875
"4 July 2018","Col_13",12,0.00232,0.96,1.62,"Sub 1","before","Control","",2.32,-0.12532938110237,2.50507561265994
"4 July 2018","Col_13",13,0.00232,0.96,1.6,"Sub 1","before","Control","",2.32,-0.12532938110237,2.50507561265994
"4 July 2018","Col_13",14,0.00232,0.83,1.28,"Sub 1","before","Control","",2.32,0.0433412363757351,3.51076333418269
"4 July 2018","Col_13",15,0.00232,0.91,1.57,"Sub 1","before","Control","",2.32,-0.063325949451969,2.83598551143679
"4 July 2018","Col_14",11,0.002292,0.95,1.45,"Sub 1","before","Control","",2.292,-0.125333564750963,2.53568904344643
"4 July 2018","Col_14",12,0.002292,0.94,1.48,"Sub 1","before","Control","",2.292,-0.113066912594638,2.59870000587759
"4 July 2018","Col_14",13,0.002292,0.85,1.31,"Sub 1","before","Control","",2.292,0.00359783579942813,3.28202532665143
"4 July 2018","Col_14",14,0.002292,0.99,1.62,"Sub 1","before","Control","",2.292,-0.173141899595417,2.30435223801787
"4 July 2018","Col_14",15,0.002292,0.97,1.63,"Sub 1","before","Control","",2.292,-0.14948418435327,2.41606299675751
"4 July 2018","Col_15",11,0.002172,0.92,1.43,"Sub 1","before","Control","",2.172,-0.141913578410857,2.58860729310119
"4 July 2018","Col_15",12,0.002172,0.98,1.76,"Sub 1","before","Control","",2.172,-0.215149791116921,2.23574011268915
"4 July 2018","Col_15",13,0.002172,0.95,1.7,"Sub 1","before","Control","",2.172,-0.179109961531767,2.40293045478431
"4 July 2018","Col_15",14,0.002172,0.93,1.47,"Sub 1","before","Control","",2.172,-0.154445460590428,2.52450085923762
"4 July 2018","Col_15",15,0.002172,0.99,1.61,"Sub 1","before","Control","",2.172,-0.226918296376221,2.18370552398552
"4 July 2018","Col_16",11,0.002328,0.89,1.51,"Sub 1","before","Control","",2.328,-0.0341228159660091,2.99630509832005
"4 July 2018","Col_16",12,0.002328,1,1.63,"Sub 1","before","Control","",2.328,-0.169207395401965,2.28661353472428
"4 July 2018","Col_16",13,0.002328,0.95,1.3,"Sub 1","before","Control","",2.328,-0.109748833734265,2.57551662004506
"4 July 2018","Col_16",14,0.002328,1,1.6,"Sub 1","before","Control","",2.328,-0.169207395401965,2.28661353472428
"4 July 2018","Col_16",15,0.002328,0.98,1.73,"Sub 1","before","Control","",2.328,-0.145788663319419,2.39631813183257
"4 July 2018","Col_17",11,0.002764,0.98,1.58,"Sub 1","before","Control","",2.764,0.0258807127168133,2.8451131084129
"4 July 2018","Col_17",12,0.002764,1.04,2.06,"Sub 1","before","Control","",2.764,-0.0430021920128612,2.47877931368533
"4 July 2018","Col_17",13,0.002764,1.06,1.92,"Sub 1","before","Control","",2.764,-0.0650826274546976,2.37164229098572
"4 July 2018","Col_17",14,0.002764,1.06,1.82,"Sub 1","before","Control","",2.764,-0.0650826274546976,2.37164229098572
"4 July 2018","Col_17",15,0.002764,0.94,1.83,"Sub 1","before","Control","",2.764,0.0741871944582926,3.13385986747193
"4 July 2018","Col_18",11,0.002476,1.03,1.92,"Sub 1","before","Control","",2.476,-0.141836773730879,2.27082482395215
"4 July 2018","Col_18",12,0.002476,0.98,1.65,"Sub 1","before","Control","",2.476,-0.0841538383662604,2.54866138076351
"4 July 2018","Col_18",13,0.002476,0.95,1.82,"Sub 1","before","Control","",2.476,-0.0481140087811065,2.73925221272834
"4 July 2018","Col_18",14,0.002476,0.9,1.24,"Sub 1","before","Control","",2.476,0.0145600551191476,3.10526017095308
"4 July 2018","Col_18",15,0.002476,0.97,2.09,"Sub 1","before","Control","",2.476,-0.072264628383413,2.61002267887067
"4 July 2018","Col_19",11,0.002396,1.05,1.87,"Sub 1","before","Control","",2.396,-0.196973208646117,2.10158331394144
"4 July 2018","Col_19",12,0.002396,0.91,1.59,"Sub 1","before","Control","",2.396,-0.0310924548769846,2.9288884850873
"4 July 2018","Col_19",13,0.002396,1.08,1.73,"Sub 1","before","Control","",2.396,-0.22962854586626,1.96864755561121
"4 July 2018","Col_19",14,0.002396,0.96,1.87,"Sub 1","before","Control","",2.396,-0.0930958865273859,2.58713843445397
"4 July 2018","Col_19",15,0.002396,0.99,1.51,"Sub 1","before","Control","",2.396,-0.128766018194707,2.40891272351257
"4 July 2018","Col_20",11,0.002832,1.09,1.78,"Sub 1","before","Control","",2.832,-0.0731298845487708,2.27766463427168
"4 July 2018","Col_20",12,0.002832,0.98,1.82,"Sub 1","before","Control","",2.832,0.0501849826428634,2.91510865521901
"4 July 2018","Col_20",13,0.002832,1.01,2,"Sub 1","before","Control","",2.832,0.0152319483145498,2.71818697705725
"4 July 2018","Col_20",14,0.002832,0.98,1.95,"Sub 1","before","Control","",2.832,0.0501849826428634,2.91510865521901
"4 July 2018","Col_20",15,0.002832,0.92,1.72,"Sub 1","before","Control","",2.832,0.123421195348927,3.37520066945791
"4 July 2018","Col_22",11,0.002308,0.96,1.53,"Sub 1","before","Control","",2.308,-0.130515218134736,2.49211832500825
"4 July 2018","Col_22",12,0.002308,1.03,1.8,"Sub 1","before","Control","",2.308,-0.212099779907376,2.11674624138997
"4 July 2018","Col_22",13,0.002308,0.94,1.63,"Sub 1","before","Control","",2.308,-0.106110362801278,2.61684101813503
"4 July 2018","Col_22",14,0.002308,0.92,1.67,"Sub 1","before","Control","",2.308,-0.0811806318366929,2.75069320095652
"4 July 2018","Col_22",15,0.002308,0.94,1.9,"Sub 1","before","Control","",2.308,-0.106110362801278,2.61684101813503
"4 July 2018","Col_23",11,0.00301,1.13,1.94,"Sub 1","before","Control","",3.01,-0.0539500367194001,2.2266773469139
"4 July 2018","Col_23",12,0.00301,1.08,2.11,"Sub 1","before","Control","",3.01,-0.0014891473586787,2.47313403271692
"4 July 2018","Col_23",13,0.00301,0.95,1.68,"Sub 1","before","Control","",3.01,0.147181715157328,3.33002793227476
"4 July 2018","Col_23",14,0.00301,1.06,2.02,"Sub 1","before","Control","",3.01,0.0201785454006634,2.582721887072
"4 July 2018","Col_23",15,0.00301,1.03,1.88,"Sub 1","before","Control","",3.01,0.0534589502075552,2.76057460423908
"4 July 2018","Col_24",11,0.002536,1.06,1.94,"Sub 1","before","Control","",2.536,-0.151173496785141,2.17600754339355
"4 July 2018","Col_24",12,0.002536,0.95,1.59,"Sub 1","before","Control","",2.536,-0.0241703270284766,2.8056315070594
"4 July 2018","Col_24",13,0.002536,1.01,1.88,"Sub 1","before","Control","",2.536,-0.0951631909419441,2.43408268849477
"4 July 2018","Col_24",14,0.002536,0.97,1.74,"Sub 1","before","Control","",2.536,-0.0483209466307832,2.67327040129888
"4 July 2018","Col_24",15,0.002536,1.07,1.96,"Sub 1","before","Control","",2.536,-0.162057969352185,2.12912620906308
